sha256,bytes,path
e7b77c2e03f37e756d7e68744a07e6b0c3f92ccb4d553ce930fea786366296ca,530,"failure_log.csv"
8ca9e20a4b963f149e03fba642a80b9f65eaee00dbbee08d4ebc80b16c4fb8ef,3170,"fit_plan.csv"
f5227df8188564e3aa9fb767f946d595f182ea1cc90fc166c9edc03feb98a619,1352,"fixture_construction.csv"
126279f515f2af2eadb86539a957fe41030ac67503d9592f3a822eaa2401d2ba,4890,"initialization_manifest.csv"
4f10bbc59a64e639afcc6ed107c5bdeece7b865f27de7e93b5c5a0ff031fbd05,210,"monitor_fault_test.csv"
15277f2cd6388bf8b518959d77f19d500b96543d0dac461c30aa0cd84a2d9c5a,7270,"process_group_monitor.csv"
c4f187c7bdb4aaf4a8a6fcda638c71ef0f3ca9e06a4bdf8ec8105a46b7fd106c,566,"resource_summary.csv"
1e3fc2ef04d3da4de2f803bca9c6a2a5be2e302a9cf1bde98fbfdf4bfa98fbc6,3937,"run_status.csv"
cc398e09d53c8922dfdca7460c9d5a79e1a31c045be1cb08f1c96c1669d74ee5,153,"runner.stderr.log"
e3b0c44298fc1c149afbf4c8996fb92427ae41e4649b934ca495991b7852b855,0,"runner.stdout.log"
27302666134c3a5f0179ce398e09f5e4f8e9163eb67c61d843d586f22546c876,690,"runtime_toolchain.json"
54ceb089c234d3a880e0c7f8f476418999cb5f6c2420fcbb0da6c9604b493b80,1221,"session_info.txt"
b134eec84d02903884577ee288494ec36da2f838086e2974ba3a79b65107311e,382,"wrapper_closeout.csv"
