"fit_id","checkpoint_digest","history_digest","published_object_digest","completed_iterations"
"fixed_W_local_level__fixed_rate__chain01","214727cd58e698ee188439d889d4c5494fe07339c277e9c04e7161d8e821da3c","56c2d2f148bf60719c2b3ab931b1bd9c4fdccb7f4dfa0fe4c27af4207547a0e5","acb23328654b8c38ad5de3ef545a244aa0fd80f29ed507b89001bed525754fe7",8000
"fixed_W_local_level__fixed_rate__chain02","b1e8995a6c8691f77c71f72bd81fa539d0e43684cb11c4643538ffdb6ab786de","09340cb1f5cd2d582b6cd5588f8ed54584f6ff4d4be8ade38fffe89f28d9b0a3","06c28e3e0a60831d6268102e99fef3c722aabd3be87f40c5715028c2a4da2d95",8000
"fixed_W_local_level__fixed_rate__chain03","d2b64e1ba99d3e96a89419964697df6f0c72bcdf9405b421b993bb23a17797e8","71c1f064c62d3e3c740194c51c04215a04fe09b8cf219a7b7915a5ffa14c5bf6","d1fea8b223822544c5142aeeef22fb2c8c990723993d6d54435fabde75c9d4c0",8000
"fixed_W_local_level__fixed_rate__chain04","0f051aaca548ce5011ce7fb7b9ab079f6a851ed7717ee6f9706f777d42670de9","36b894594d39b02ffa47e342b793f693d5576bdfc206bee245feff8c0a4dba14","a4a30d2d914ed8858b2a02fe2e8f5c2b96ff45c0d690ae227bbe52817aaab800",8000
"fixed_W_local_level__learned_pseudoresidual_normalized__chain01","39c31a0196c931d470569bf37ee50a13fe6ec094863ae83cbd6a482d7492298d","7129d6d03d1f6228190ae4f5b8041c58d4a4e0abe820c8ce74835ccdda44ffe7","9c8cc6ecc18302d75b6eee3459c5a080250346dec30b8320a88e5f877887e865",8000
"fixed_W_local_level__learned_pseudoresidual_normalized__chain02","2f1fe6f624b9e189bd99082500b580697b0f96e34a290c7763b7444db7ee613c","c8739213eb65ec36aa7ed18e0fb6d6c733d24cf250bf9608953a679509d24735","19457efdbf1d3c551994e6dc07ce94183a4867dc64bbed2f2289486bd9d2a427",8000
"fixed_W_local_level__learned_pseudoresidual_normalized__chain03","e8318479c9fdc77b8909efd81546fb36cf8b6b233e946818db2fd798981992f4","7e9d25368a07b08530a694c2312869bcb615b6bb3cdb62988d952fff1d55d727","cd53a21cef4a6ccc6205ce8a2630c2b345e2405b0f1ee4e138ed23322cfa7f1a",8000
"fixed_W_local_level__learned_pseudoresidual_normalized__chain04","072c259ec41c96bf8264902a2aa1c40bf4334f5c30ad6bdb4720fef6c32b8dee","b440c0fa1009f0ea588fbeda97fd38d50fbbddb0cab8d55fb4919c6d4edd24ab","8c002279489b6159ec2ee46818c05c22af168994bb87a37570df88c22662ef38",8000
"frozen_trend_seasonal_discount__fixed_rate__chain01","a9d740c4b4444c1b51b1812ed3883d55924105e2940ecff47f9bd1d97696f7a3","9af2356211fbe7ecd56aee306e474bb84a4bcc0a0ce1a3e2045e8ee3410f1d18","a6d829667569e5cbeb8d8f704b0acb272d9d2429a1056cef98317cf4cc28e5bd",8000
"frozen_trend_seasonal_discount__fixed_rate__chain02","c845752f7d2905f2a2644e86e74f84586f375c5a845fb377013708a3c81364b2","2adde836ced3bbb5835b77175b42273c52b234b0973528a9d3e2e83abb3571d9","eff6573c4f681e8c814264d32411fdc274d42cf82507af50bdc3ebdb155dde2b",8000
"frozen_trend_seasonal_discount__fixed_rate__chain03","f2c1b3c7ff68cb0d14b868a09fc08e220c5db4c79c57690230fcf84911d7a097","b44cb3bdfcd34be9ca4f63a6005aaa9af9a90be632825454d88b67ceca5cefd4","d499b62d7977aa4d9c2d27efc666e0c783496988287d820779999391cd7f059f",8000
"frozen_trend_seasonal_discount__fixed_rate__chain04","45f7eedaa8d25b1fe38c4ff3d1b276e08af537b904cebd8a3cad3f924485eaea","1b1e9ff19d6c54a8d5970391e565a5bf20ab2832eb314e03a9198956b563706c","cb7d4572abe20838479318acdfba596027497248f0bbfdc2ca4bb0f026d5f44f",8000
"frozen_trend_seasonal_discount__learned_pseudoresidual_normalized__chain01","b2ece79e4675e51d209f5ba322d144aeaa55b5d77fc73ad5ded4dca17d4ea92a","e45db1f8472b1e3d7e52459fd252c4ae046722204933cb6ba13b1b48be9ef7e7","01003940ab5cf5dea2e9428773fbcd8f7852ce520b34e9a87c511035f92eac78",8000
"frozen_trend_seasonal_discount__learned_pseudoresidual_normalized__chain02","2e071404e1eb7b393eee3d213050c077333566e60bedff22038d89f60f4fdf0e","efd73602eab375c60acf035262e965520a9420ccc50c882305f621397f41475f","f5d19f881f9b2e63012dc8c2222b087107dd5b75208982940f48cb046580866d",8000
"frozen_trend_seasonal_discount__learned_pseudoresidual_normalized__chain03","67119490f1aee0d395c48b6450054bdba6f3eb91ba001403cc0f6fad7e43d07e","09f627338fa7d4fb61c4bdc2d5bd2ea9e8549215e7bf6add06c75dc33264cee7","0acb96a933fd0470a64e09ec6270c5519f24da412afe16db77ecd415bcfd428a",8000
"frozen_trend_seasonal_discount__learned_pseudoresidual_normalized__chain04","0bbb98a6fc3f093b47734ac6745e6099ec90fd381cf957f1473981806f5226d8","5dd7a98d2563e5b1d0c9c0a60e515795876a08ac0b1d79bd97b2ad3c79ab77e8","dddcb638a859849cc593fbff14ee86c8991aa33334019d897895d179d032a963",8000
"shared_component_scale_trend_regression__fixed_rate__chain01","359ce7e94c86ec1338f0b865606e4e5be3814372085a520ea4107362e8502d19","e91101a762a8e1240b55acd5c307fd13d2e149d9c2c6f12dd819b90ace578bdc","7ec9f6dbc5017d5c31061836014af72905e438dd80fe60f7116f5827388360cd",8000
"shared_component_scale_trend_regression__fixed_rate__chain02","48c3eb1fcc0b66fc317411b31b733a0503134ee470a5a9a16f2a15a5030d609f","7d7b6931c823e11f09796c0c4fb397398e6cb45b9a4d45aab55b387aff0cceaa","bdda75d90c4b7963008a68a293e409243ee16d8d19c55adb2f668b43cd5b032d",8000
"shared_component_scale_trend_regression__fixed_rate__chain03","e0d14542896139b9a5d2ac8387391fc57c55cc3e5a1c60896334a0e7ce947795","fb087812b9821642f111d30ea4a5f823f1df0f135032dceef907b6aa9da68631","b9939539da077aa08411518b80c2e91056de30a902bba66f8bc351eac1d125d2",8000
"shared_component_scale_trend_regression__fixed_rate__chain04","731160373bb8cf198358450770f2df473cc632ab6af965d6d7e72fc1d4d42823","e577ae94944aa0cad94f42f087dd16cc2f0544cf73c9be1424a9fdbefcacdb44","7ecde7cef2152ff0400a33daff23b0774f88c3a28d272ff5992ec4a737e0f29a",8000
"shared_component_scale_trend_regression__learned_pseudoresidual_normalized__chain01","0ec13163eb49651daa5c7592d971c1dec417ddd5194c5031ae3ed8b4b2725790","de83db8b57e4a8312e181dbe64a8cabd1f40d128169b1ead118859b4f65bd9e3","7469d5c09733a67fa2535c4a262cc5bdd5ad63c579f03c7e860405ce92371470",8000
"shared_component_scale_trend_regression__learned_pseudoresidual_normalized__chain02","af2e1eebd6bb21c7fc80ac08dee0dd3cfd2748aa0ea0c9c6d07972ec605698e8","1bb79c9d50893eb21239c0bdc7f445a20d78e49fa097d777fa5c9e74f05789aa","3044109e398aebb33d375dc90aa1bf90f94085206e2101a9c80b118e1dc3a4dc",8000
"shared_component_scale_trend_regression__learned_pseudoresidual_normalized__chain03","57484cd08c5800ca73dc1c525ec7ff343c681f5ace230a86a1a83ae23eb78190","715742cbcd66a2eb5f42559553181703b69dad0cd80a2976bc497061dc6a5ae8","03f97966e5721f9a4dd6388ef46ce784b468dae50e95e23284434b5f4a999603",8000
"shared_component_scale_trend_regression__learned_pseudoresidual_normalized__chain04","e049c76a1ca74c5f1ea368e7387b9c03eaa19c036c0342b6456753dacfa2bd98","8cf71180b1748c8dbfc8f14824c48f4130cf38dcd34a1cc90be6a6bf78a6c1de","69746e2f66577c4a8e50f27a9085e8bd149c0454bc3b25eb58ac4f8aac7bb6df",8000
