"sha256","bytes","path"
"e37e7bbe6a2eef5b26db5e60156798273b1178bdfd50ac94a809950e5e63c0f5",6258,"artifact_hashes.csv"
"baeb60283b8358d58d3fa7dc338389bbe66721c84ad863adeade564b6ef7c167",139940,"chain_diagnostics.csv"
"85af1e63024ae257895214800c4408e8398b0ba3f1ab598e49826a8858d1a00f",6595,"checkpoint_manifest.csv"
"53d0efea7ccd21fd0ba89f4c5090989b6e6495847df00c741104c068247e280e",916,"component_scale_conditional_summary.csv"
"dd4c120d33f54a40149e69f483b18a7ec338c2b03adef7f58c68c2d9e5974191",109791,"estimand_schema.csv"
"85849cf2dc810979e893909764f9db210596e87005ea3cbf1d7d5d4079c8346c",81,"failure_log.csv"
"b8add4d790d6b6b51c5afad6d09a853dda1a1fe52d5c1dddfaf9d8bc2ea0917c",4484,"fit_audit.csv"
"8ca9e20a4b963f149e03fba642a80b9f65eaee00dbbee08d4ebc80b16c4fb8ef",3170,"fit_plan.csv"
"f5227df8188564e3aa9fb767f946d595f182ea1cc90fc166c9edc03feb98a619",1352,"fixture_construction.csv"
"52866e91932609c9af40ee2cdb97037c56059b91cc40e3e82817fab8ad7bc1d9",25844,"future_root_summaries.csv"
"126279f515f2af2eadb86539a957fe41030ac67503d9592f3a822eaa2401d2ba",4890,"initialization_manifest.csv"
"e575069170b71ad7175853de4785900650fb74afefb7f977bd63aae4c0a72a81",8799,"local_chain_hashes.csv"
"91c4eddab4f3c82902daa2e8f73dcfd345dd970e7db9ae035725586b5f413468",2454,"missing_future_checks.csv"
"4f10bbc59a64e639afcc6ed107c5bdeece7b865f27de7e93b5c5a0ff031fbd05",210,"monitor_fault_test.csv"
"6a205d6b24dedcf694374a1f3d616834ffecf24a11cd18f77df81733b44ad9a2",613069,"posterior_summaries.csv"
"c9bc4d0af14091a9bf51a33879548b0f2e7c81e0640c133f5f6f6c388979158c",3637,"provenance_checks.csv"
"91e69067a14188dda7e45038295d3e5bf4db77e1b26f8f0e0c0e2c1874a65b12",565,"resource_summary.csv"
"ac1dbe75cfebf4fc4e9f695997ce2e284ab9ea86fbbc5bfbc76ed5ca3c6d01c4",2895,"root_swap_sidecar.csv"
"c2722fb6a96728f877952465ae2fc51f2aa86266b52a447b950654f828638a25",2769,"run_manifest.json"
"7fae8fb61fe67a29ceea7a902b8f04498ce2f9f5ae6204cca394ab8b04044b21",5031,"run_status.csv"
"0db381460aac6ebee481e97ae158e95fb615a73ea6bbf721e73dc409e3f4a313",690,"runtime_toolchain.json"
"f9c63bf2925b308d10b523349cdeaf9d6a4905de743de2bf379e97fcd5cea20f",1221,"session_info.txt"
"20d685d30a489a13a683c13ccb50215398dab2406e6fb19627cab4f0ef351690",606,"validation_summary.csv"
"e0cd4b8c4d3a6b3df0ab49dfaf6c5a3b79f40cd03a1b183d1734ed7eaa891923",380,"wrapper_closeout.csv"
