sha256,bytes,path
698d3ee44844701da1f4c3ea1da36a2e3230be80ce5b2f4796c7703f31cf6d13,1643,"artifact_manifest.csv"
9bb10ae868b91002d709d48091fdf408b90e0f0e3dc79c40cb7202882a29b9c6,3467,"candidate_preflight_gates.csv"
1bcf9c080bb932856f86cb9763dafbacedbd34b3a6baffbe9f416dfbba4007fa,2124,"candidate_seed_manifest.csv"
3a5a288ae05126f6f8d4a2e6ef6704b6b3d3b9fa43fc077934dd9762e0230935,1305,"cell_plan.csv"
0cd0163d0f148ef96857b6d146acf5d6433c1261d8535ac93a4fed576923e642,819,"closeout.json"
914289012170affd8070415f79928cb443f820eba45b51992dfa8b3619c10e1f,8991,"config.json"
e861c5259d124cc6c8a9fdb99674af9fdd63fd79a317f046191b50e508ec0c34,427,"cross_candidate_gates.csv"
8287547896d74b50f4d37b47e6ac76a47aefd2a9723b7c9e084add4dec79fa32,1120,"design_contract.csv"
b3017af1692a0579dbca9dc57bc517ac571f0d7cd5ff2284ed930c64005705e3,2054,"dgp_manifest.csv"
77578a6a5a1e6a6ca643426f61dcb9e5ea6acbaa353e3d2c22aa898fdb952000,30623,"dlm_prior_predictive.csv"
6b3ce56790a12a4451934ebeb2af894e4219f32e3346a4c3230a190141bb1d2e,195,"dynamic_observability_audit.csv"
7b62e31c56210d12d7a85f0a1e473da17adb8e9057acb1982f3759c142ecab05,1689,"dynamic_projection_audit.csv"
ced310b366528d6bd2e07be401b602cf7c45bf3b81141909d24f11edd4d30e8a,11495,"fit_plan.csv"
f56e373de3b4b443178e48d8daa175c7bd809146711715031c1862ef812f5db3,621,"fixed_horizon_audit.csv"
fe651f11a623127ea674da723f39f980a9850a419519b0a99fedf95c68849534,2020,"oracle_targets.csv"
d9442f6708fab272c34c8732c4efccf24fe43d5aef0a55c6efcfc237f1f06ac7,845,"process_group_monitor.csv"
f7b9ec25e1265d2aacbaed4b9b2382a5a1a163c5d3d7c30ce1eb5717f5e75cd1,633,"resource_summary.csv"
406a3dfe2f8530a6fc1a55d14682a2a3459ae08abebb66049fadd3d49d7d6737,149,"runner.stderr.log"
d77d5f8b27ff140f5ea0ba7331ac8655528fc257bea010b7023a2ad1eab6db11,104,"runner.stdout.log"
5b42c7bda7cb67ec592ed6287997591876fa9ec75b9f9772978f072f7cfb09ca,537,"runtime_binding.json"
77fe853f44e042294fb7d12307e8618b6ee0b0a110812f279449b46d032c48a4,9174,"scale_information.csv"
0791e12683e28c2552b0f9e1f874f3bf11a2908c692a5ec0722dc97ec681f074,300,"seasonal_covariance_audit.csv"
ca9a58d923f872eb967d7273b68dda67610e10deb5825c8b033f4cf3179a30bd,641,"seasonal_prior_predictive.csv"
bf0eecb1cc4e20221b546042d89a7bbcc7121dd4490033a18fbacff5bd4af725,809,"source_state.json"
9bc22618e0ccba549c4aa8666544e3bac86dce7e8930fc3ceddda06f1a639a21,8714,"static_initialization_audit.csv"
8a83d55a054126518d7c9d19c99f72a5f71d08fb116f927819d151f2957f7bd9,2197,"static_prior_predictive.csv"
be0acc7253237c3b461aa3aac192c19fdd6f554c7a5091158c24b74206e5e581,1350,"static_projection_audit.csv"
1169468eeedbc32caf4a8fcd6391be550276b6a7a600f2db86c8e526ed42dfe2,1135,"tail_information.csv"
a1a131faee3eecd76af4b6ed84a73924dde1f3a47912782702ac75e0628935e4,86,"wrapper_closeout.csv"
