"provider","family","target","estimand","n_chains","n_draws_per_chain","rhat","ess_bulk","ess_tail","mcse_mean","sd","mcse_over_sd","pass"
"posterior","fixed_design","RQR","mean_lower_observed",4,6000,1.0013540183869,2318.00705543966,3738.79197846166,0.0044340674808641,0.213394424345194,0.0207787410307001,TRUE
"posterior","fixed_design","RQR","mean_upper_observed",4,6000,1.00083942399446,4476.63758883441,7511.48895394978,0.000381053294823753,0.0253300182450959,0.0150435460068225,TRUE
"posterior","fixed_design","RQR","mean_width_observed",4,6000,1.00137112889904,2280.81308421586,3810.51988738219,0.00448148518948413,0.213985874083082,0.0209429019961578,TRUE
"posterior","fixed_design","RQR","mean_midpoint_observed",4,6000,1.00132687393087,2387.6256444913,3917.49885980782,0.0022096955327924,0.10789766682455,0.0204795487967828,TRUE
"posterior","fixed_design","RQR","observed_mean_tilted_loss",4,6000,1.00071811020296,4533.20639410859,6942.1233516784,0.0326754579656541,2.10964551792848,0.0154886011360521,TRUE
"posterior","fixed_design","RQR","lower_index_001",4,6000,1.00181955628235,1730.5366543032,3461.39032889166,0.0195013420679003,0.811636222659226,0.0240271953412904,TRUE
"posterior","fixed_design","RQR","upper_index_001",4,6000,1.00082357601519,4107.24580485289,4988.33385087832,0.00126746288454161,0.077824967887942,0.0162860701255488,TRUE
"posterior","fixed_design","RQR","width_index_001",4,6000,1.00205693143256,1682.7644365734,3582.53244734626,0.0197405132567595,0.810282462581109,0.024362508345395,TRUE
"posterior","fixed_design","RQR","lower_index_270",4,6000,1.00217983466824,2487.85944414939,4780.08901780947,0.0059004074081833,0.294001078785951,0.0200693393117755,TRUE
"posterior","fixed_design","RQR","upper_index_270",4,6000,1.00031985363765,4789.30230825457,7320.05542856383,0.000561406767429846,0.0384382669662104,0.0146054130880395,TRUE
"posterior","fixed_design","RQR","width_index_270",4,6000,1.00211021080647,2434.28183967429,4690.26250736668,0.00599830343084122,0.295741297190544,0.0202822652359456,TRUE
"posterior","fixed_design","RQR","lower_index_540",4,6000,1.0009623709669,2828.2063902113,2462.13883624934,0.0135838451021535,0.663723462963351,0.0204661216005612,TRUE
"posterior","fixed_design","RQR","upper_index_540",4,6000,1.00076620540527,4622.47220303208,6787.01997884406,0.000974604818805893,0.0649501235590622,0.0150054344072131,TRUE
"posterior","fixed_design","RQR","width_index_540",4,6000,1.00098478299548,2731.08281833372,2481.31861896288,0.0137845185645272,0.665853897469034,0.0207020167891535,TRUE
"posterior","fixed_design","ET","mean_lower_observed",4,6000,1.00231899040424,2170.00835483068,4745.02069845402,0.00379197310325512,0.176208961547161,0.0215197517195528,TRUE
"posterior","fixed_design","ET","mean_upper_observed",4,6000,1.00241675562841,2632.49534016734,3294.45133044963,0.000935081741818985,0.0451005807512778,0.0207332527928145,TRUE
"posterior","fixed_design","ET","mean_width_observed",4,6000,1.00276522198725,2031.41232576031,4311.77523963996,0.0039974995574412,0.179766255811696,0.0222372076416197,TRUE
"posterior","fixed_design","ET","mean_midpoint_observed",4,6000,1.00187920857813,2361.96163266406,5079.92412859757,0.00189853961327169,0.0919937692165976,0.0206376978510535,TRUE
"posterior","fixed_design","ET","observed_mean_tilted_loss",4,6000,1.00085547849056,3556.46692795959,4817.45801086551,0.0363774984359115,2.05629229548678,0.0176908207630569,TRUE
"posterior","fixed_design","ET","lower_index_001",4,6000,1.00133788214063,2704.16038936347,5071.12987989579,0.00974463326157871,0.508479640767008,0.019164254535107,TRUE
"posterior","fixed_design","ET","upper_index_001",4,6000,1.00265384201031,2850.82510786067,3092.86786474245,0.00279447201691308,0.134856131363347,0.0207218758884893,TRUE
"posterior","fixed_design","ET","width_index_001",4,6000,1.00229926846273,2426.02743677925,4855.23220363901,0.0105027398607969,0.519731029187911,0.0202080292900881,TRUE
"posterior","fixed_design","ET","lower_index_270",4,6000,1.00108036023289,2813.70538941095,6872.96210724277,0.00391518982527088,0.208450409703174,0.0187823561049651,TRUE
"posterior","fixed_design","ET","upper_index_270",4,6000,1.00053897676968,3340.04567379552,4005.34411310089,0.00113383830592543,0.0615569963366717,0.018419324746194,TRUE
"posterior","fixed_design","ET","width_index_270",4,6000,1.00125900385254,2671.76152296993,6624.96467608631,0.0041301709650361,0.213962951516612,0.0193032061661172,TRUE
"posterior","fixed_design","ET","lower_index_540",4,6000,1.00061359390709,2154.21438848218,2716.17563583765,0.0149771500948531,0.655133960832444,0.0228612024261763,TRUE
"posterior","fixed_design","ET","upper_index_540",4,6000,1.00084037109867,3511.15213804194,4177.43875630936,0.00187719429001659,0.104673602961683,0.0179337888149676,TRUE
"posterior","fixed_design","ET","width_index_540",4,6000,1.00058350502155,2100.44702445378,2575.8884795579,0.0152117626148236,0.658303699528011,0.0231075150052021,TRUE
"posterior","fixed_design","SH","mean_lower_observed",4,6000,1.00150913861832,3053.73642304692,5871.71216537598,0.00213216245092384,0.117789041164369,0.0181015349972032,TRUE
"posterior","fixed_design","SH","mean_upper_observed",4,6000,1.01948426249562,487.437626285964,700.74452250035,0.00860640659842429,0.181722790327209,0.0473600839109264,TRUE
"posterior","fixed_design","SH","mean_width_observed",4,6000,1.01264141203216,592.690301663944,791.709215027947,0.009022302730083,0.210763699467587,0.042807669218534,TRUE
"posterior","fixed_design","SH","mean_midpoint_observed",4,6000,1.01516197348159,703.25538223954,1007.59207166379,0.00440093534043366,0.111100770105559,0.0396121047248571,TRUE
"posterior","fixed_design","SH","observed_mean_tilted_loss",4,6000,1.0069302969552,1220.15692908878,2558.8329315877,0.0571397445594739,1.9297072755921,0.0296105763201528,TRUE
"posterior","fixed_design","SH","lower_index_001",4,6000,1.00101441155379,3008.75749939228,4991.34401892413,0.00685878942094669,0.37660513263344,0.0182121506761899,TRUE
"posterior","fixed_design","SH","upper_index_001",4,6000,1.00680326465926,881.311797539856,1010.5020575055,0.0160979086384166,0.435637509506819,0.0369525311460001,TRUE
"posterior","fixed_design","SH","width_index_001",4,6000,1.00434523281986,1087.6248855862,1311.05553730856,0.0178766976223828,0.564795387266112,0.0316516353097621,TRUE
"posterior","fixed_design","SH","lower_index_270",4,6000,1.00045652088546,2914.44844986002,5639.81874275234,0.00313472655632052,0.169045941235638,0.0185436369155468,TRUE
"posterior","fixed_design","SH","upper_index_270",4,6000,1.01665891349886,423.416158761099,677.420604449558,0.0130035602748802,0.249818707642763,0.0520519876096512,TRUE
"posterior","fixed_design","SH","width_index_270",4,6000,1.01039148445537,624.6206469078,656.923022011652,0.0128376637529793,0.298767411195714,0.0429687551985705,TRUE
"posterior","fixed_design","SH","lower_index_540",4,6000,1.00224667433792,3096.60668406245,5289.18921612422,0.00716921523749133,0.398647652283103,0.0179838391031087,TRUE
"posterior","fixed_design","SH","upper_index_540",4,6000,1.00180379565513,1670.82656191327,1814.48527870879,0.00576423876160717,0.216842687333001,0.0265825831274409,TRUE
"posterior","fixed_design","SH","width_index_540",4,6000,1.00155081248353,2240.847200221,4348.79185188225,0.0094285387406302,0.446196275627923,0.0211309220978181,TRUE
"posterior","dlm","RQR","mean_lower_observed",5,6000,1.00097317075353,2435.4245761791,5657.55817114222,0.00951005895332839,0.472117655569931,0.0201434088328005,TRUE
"posterior","dlm","RQR","mean_upper_observed",5,6000,1.00069650267215,3494.48831286074,5187.87520716692,0.00270805256969005,0.156131688065731,0.0173446697671645,TRUE
"posterior","dlm","RQR","mean_width_observed",5,6000,1.00121691869149,2192.37499406943,5079.86446631245,0.0101523378189686,0.47808056795734,0.0212356211471756,TRUE
"posterior","dlm","RQR","mean_midpoint_observed",5,6000,1.00085456987272,2878.80110090175,5998.12905306761,0.00480792018712221,0.257867863439685,0.0186448986817885,TRUE
"posterior","dlm","RQR","observed_mean_tilted_loss",5,6000,1.00064101158607,5908.54298549632,9787.03840813816,0.0274534601642082,2.06935442929461,0.0132666786199435,TRUE
"posterior","dlm","RQR","lower_time_001",5,6000,1.00055338421837,7674.49640346603,10716.0660703237,0.00633070804668874,0.554410238948133,0.0114188151696112,TRUE
"posterior","dlm","RQR","upper_time_001",5,6000,1.00080786032941,6200.26538475167,6854.33932640327,0.00534278163570594,0.395322237283472,0.0135150040443458,TRUE
"posterior","dlm","RQR","width_time_001",5,6000,1.00122240088317,5539.85093126272,9134.73195994181,0.00927133011220826,0.688629250240364,0.0134634567279449,TRUE
"posterior","dlm","RQR","lower_time_051",5,6000,1.00039105763782,2887.10384350169,5840.29797337437,0.0115642424441416,0.625005984092254,0.0185026107564989,TRUE
"posterior","dlm","RQR","upper_time_051",5,6000,1.00092914543987,4943.28928570325,7897.03704714528,0.00323258838626766,0.222148892182347,0.0145514495008791,TRUE
"posterior","dlm","RQR","width_time_051",5,6000,1.00039569013707,2735.13388892835,6101.44973496464,0.0122271634880367,0.641208100889744,0.0190689473059841,TRUE
"posterior","dlm","RQR","lower_time_100",5,6000,1.00072836227458,4142.49433193523,5688.1554288902,0.0147226296222309,0.885431396233965,0.016627634489641,TRUE
"posterior","dlm","RQR","upper_time_100",5,6000,1.00085760928443,3747.93061100503,5907.22206445173,0.00852228235843269,0.495327077101494,0.0172053633899898,TRUE
"posterior","dlm","RQR","width_time_100",5,6000,1.00082500767928,3465.45901444844,5860.39937694317,0.0170897325242526,0.978195578191082,0.0174706703907368,TRUE
"posterior","dlm","RQR","lower_time_034",5,6000,1.00055646862848,3364.86900844244,5755.23100598284,0.00833354060318735,0.485576891956084,0.0171621441243152,TRUE
"posterior","dlm","RQR","upper_time_034",5,6000,1.00091411353129,4243.90074150636,7160.96504603394,0.00457906507375524,0.294828869862881,0.0155312642072158,TRUE
"posterior","dlm","RQR","width_time_034",5,6000,1.00101001720657,2916.43669875964,6039.72545683468,0.0101729597125865,0.549088842471469,0.0185269831140579,TRUE
"posterior","dlm","RQR","lower_time_071",5,6000,1.00096251966552,2676.93229909471,5863.60038420402,0.0139218274445302,0.721916551803963,0.0192845383718403,TRUE
"posterior","dlm","RQR","upper_time_071",5,6000,1.00043531508559,6227.51996848865,7058.50242049016,0.00250670410083603,0.184734118415532,0.0135692535972027,TRUE
"posterior","dlm","RQR","width_time_071",5,6000,1.0007461457479,2677.57124783538,6239.20866747351,0.0140575972847524,0.725907748078804,0.0193655424149382,TRUE
"posterior","dlm","ET","mean_lower_observed",5,6000,1.00093015309255,3200.03097088861,6761.17746110611,0.00630692726702137,0.354725630732549,0.0177797337451958,TRUE
"posterior","dlm","ET","mean_upper_observed",5,6000,1.00066058588674,2706.12898787504,4498.18256829517,0.00452334066156843,0.22873421571343,0.0197755313845809,TRUE
"posterior","dlm","ET","mean_width_observed",5,6000,1.00118632360581,2853.55806889309,6047.28641807475,0.00749306172019859,0.399342035509523,0.0187635186229222,TRUE
"posterior","dlm","ET","mean_midpoint_observed",5,6000,1.00059791511028,3050.77627225944,5607.40918839776,0.00400982158368193,0.221824912796329,0.0180765159924286,TRUE
"posterior","dlm","ET","observed_mean_tilted_loss",5,6000,1.0008984085025,5912.47076935148,10207.8203389461,0.0286291332269899,2.17753522042274,0.0131474949100625,TRUE
"posterior","dlm","ET","lower_time_001",5,6000,1.00043433730878,6313.51726956271,12903.4692732007,0.00684923666137711,0.540310037972129,0.0126764934575034,TRUE
"posterior","dlm","ET","upper_time_001",5,6000,1.00100714901755,4402.08229891141,6154.01827505959,0.00768975240912561,0.482822630367086,0.0159266611079915,TRUE
"posterior","dlm","ET","width_time_001",5,6000,1.00071098940567,4248.04266201574,6880.36188978553,0.0112817507755892,0.733131572260973,0.0153884394049438,TRUE
"posterior","dlm","ET","lower_time_051",5,6000,1.00106361931054,3651.91854793445,8423.28228059767,0.00841626396990098,0.505119832939461,0.0166619154922584,TRUE
"posterior","dlm","ET","upper_time_051",5,6000,1.00087845954447,3942.47144862773,6086.80590120528,0.00512579958611717,0.31116991119605,0.0164726710446233,TRUE
"posterior","dlm","ET","width_time_051",5,6000,1.00177130235771,3505.26154585368,7626.12375075513,0.00947300735611436,0.559228562111218,0.0169394197613075,TRUE
"posterior","dlm","ET","lower_time_100",5,6000,1.00054328018659,5765.63448962542,8859.74626537668,0.00883447230180677,0.658445245404826,0.0134171707723019,TRUE
"posterior","dlm","ET","upper_time_100",5,6000,1.00260601409226,2512.74663982134,4282.70862815796,0.0134326101600982,0.641195181618802,0.0209493311010001,TRUE
"posterior","dlm","ET","width_time_100",5,6000,1.00203311129825,2867.41265363035,5147.04851448856,0.0177345933153441,0.945883867625224,0.0187492290780573,TRUE
"posterior","dlm","ET","lower_time_034",5,6000,1.00091795713383,3792.70540309161,9701.3643856199,0.00684004671265919,0.417299113338547,0.0163912323175966,TRUE
"posterior","dlm","ET","upper_time_034",5,6000,1.00111886097028,3625.0077489483,5808.75313418178,0.0061167991681325,0.361949953674379,0.0168995716287212,TRUE
"posterior","dlm","ET","width_time_034",5,6000,1.00120856410654,3332.48934982992,6879.48992456794,0.00927045375467245,0.533938975733415,0.0173623844221872,TRUE
"posterior","dlm","ET","lower_time_071",5,6000,1.00083428807987,3677.37585910823,7403.49312503484,0.0088730000720516,0.536002689128727,0.0165540215599938,TRUE
"posterior","dlm","ET","upper_time_071",5,6000,1.00063927206508,3252.83076396067,4071.46896922786,0.00548457849895975,0.285579546185789,0.0192050816391159,TRUE
"posterior","dlm","ET","width_time_071",5,6000,1.00149675140383,3385.74667249264,6969.65696796827,0.00989230991793409,0.574578042284816,0.0172166515075954,TRUE
"posterior","dlm","SH","mean_lower_observed",5,6000,1.00236797633661,3100.6025153345,6616.63643249628,0.00383947477021005,0.224461821677193,0.0171052464134936,TRUE
"posterior","dlm","SH","mean_upper_observed",5,6000,1.00534098614171,583.291913140327,608.529074214923,0.0384214508887588,0.837390849324297,0.0458823390771007,TRUE
"posterior","dlm","SH","mean_width_observed",5,6000,1.00639488098352,566.974533414284,625.109683606041,0.038628163375253,0.844556348541729,0.0457378165967861,TRUE
"posterior","dlm","SH","mean_midpoint_observed",5,6000,1.00501630997415,677.0420939557,619.368436312324,0.0193330214211693,0.444392186582777,0.0435044134547766,TRUE
"posterior","dlm","SH","observed_mean_tilted_loss",5,6000,1.00083997049275,4298.01943814194,6537.2517233534,0.0324643712932111,2.21709436671393,0.0146427557530302,TRUE
"posterior","dlm","SH","lower_time_001",5,6000,1.00252096327493,4802.18158483787,11443.1248750311,0.00740338582195172,0.510577767073386,0.0145000160590377,TRUE
"posterior","dlm","SH","upper_time_001",5,6000,1.00302609488644,1107.71412016051,1644.51071153529,0.0310165331452414,0.973701491096316,0.031854252487915,TRUE
"posterior","dlm","SH","width_time_001",5,6000,1.00405135806389,1204.88617551396,1681.57488308804,0.0346483948658895,1.1485682217265,0.0301665971689578,TRUE
"posterior","dlm","SH","lower_time_051",5,6000,1.0143141495369,303.505419054227,72.8280897242045,0.0206751945747344,0.351692100719436,0.0587877707018166,FALSE
"posterior","dlm","SH","upper_time_051",5,6000,1.01678412016649,295.745783127009,139.285947431569,0.0438956598382988,0.920413876013513,0.0476912191159256,FALSE
"posterior","dlm","SH","width_time_051",5,6000,1.02022372154999,214.844109412166,58.3454920237993,0.0598231703827634,0.933247213993097,0.0641021687349027,FALSE
"posterior","dlm","SH","lower_time_100",5,6000,1.00432518440303,2506.68639492083,7352.73540119578,0.0125064580335778,0.619755283009694,0.0201796715194475,TRUE
"posterior","dlm","SH","upper_time_100",5,6000,1.00694714856459,570.364397165383,656.792355776381,0.077141297159786,1.63497068338932,0.0471820675095352,TRUE
"posterior","dlm","SH","width_time_100",5,6000,1.00701695124804,564.140315165727,643.171086842429,0.0874575675946443,1.89324714725527,0.046194480061114,TRUE
"posterior","dlm","SH","lower_time_034",5,6000,1.0011413446772,4790.77830329248,7948.68583520474,0.00398756235383133,0.272639502000197,0.014625768916745,TRUE
"posterior","dlm","SH","upper_time_034",5,6000,1.00662514023773,724.470416778954,1000.75856480381,0.0335286476234222,0.86735979454856,0.0386559854793282,TRUE
"posterior","dlm","SH","width_time_034",5,6000,1.00640609757922,747.208187578201,1084.49570996061,0.0342635406967664,0.906918254711868,0.0377801863825666,TRUE
"posterior","dlm","SH","lower_time_071",5,6000,1.01067048671526,574.516475601037,177.685756484104,0.014844620737312,0.367578034930609,0.0403849504775615,FALSE
"posterior","dlm","SH","upper_time_071",5,6000,1.00818425121082,485.967973344051,583.703949537124,0.0515070179999633,1.06317531666002,0.0484464012593647,TRUE
"posterior","dlm","SH","width_time_071",5,6000,1.01332119845489,322.594768781681,239.325392162504,0.0539705789704181,1.05771274543869,0.0510257432399887,FALSE
