"path","present","expected_bytes","observed_bytes","expected_sha256","observed_sha256","pass"
"candidate_decisions.csv",TRUE,390,390,"ff5395261176a06287af460a1beb243f494bc03035e4c92609e05ccb10d08ad0","ff5395261176a06287af460a1beb243f494bc03035e4c92609e05ccb10d08ad0",TRUE
"candidate_diagnostics.csv",TRUE,163616,163616,"a10306b7e37a7e5b4c0a6362c0be86b91f3c98bf82d15ead777a381dc2c366a1","a10306b7e37a7e5b4c0a6362c0be86b91f3c98bf82d15ead777a381dc2c366a1",TRUE
"candidate_summary.csv",TRUE,839,839,"44496755e656f63b9a252f3b7e3d6e19dcb853304db6a478ddfe6487b6efb991","44496755e656f63b9a252f3b7e3d6e19dcb853304db6a478ddfe6487b6efb991",TRUE
"comparison_manifest.json",TRUE,918,918,"84408170e147cee959bf85f6daa733c084405f96b416e5c0445c170c39333218","84408170e147cee959bf85f6daa733c084405f96b416e5c0445c170c39333218",TRUE
"job_results/joint_ess1_reverse_x2__M10__S05_rep0104__one_chain_standard__chain01.rds",TRUE,2081800,2081800,"14fc4ad9f2b7ccc64460d96c7d3698c96174550fa2de766841c89b3da818adc2","14fc4ad9f2b7ccc64460d96c7d3698c96174550fa2de766841c89b3da818adc2",TRUE
"job_results/joint_ess1_reverse_x2__M10__S05_rep0129__four_chain_sentinel__chain01.rds",TRUE,2088920,2088920,"2ff26ee236eb5bfe6f05788ed37689ef4cd949e34cbf50421e37c6c9ff5cb047","2ff26ee236eb5bfe6f05788ed37689ef4cd949e34cbf50421e37c6c9ff5cb047",TRUE
"job_results/joint_ess1_reverse_x2__M10__S05_rep0129__four_chain_sentinel__chain02.rds",TRUE,2089450,2089450,"b5f94784c235369d26b2323ae4f706fdd48fa1119e5b7f4bcf4094b24076bd73","b5f94784c235369d26b2323ae4f706fdd48fa1119e5b7f4bcf4094b24076bd73",TRUE
"job_results/joint_ess1_reverse_x2__M10__S05_rep0129__four_chain_sentinel__chain03.rds",TRUE,2089023,2089023,"4b341a043f72943d6a159b93b2bb95047ebf82c49cc83c34916e16f15e8df777","4b341a043f72943d6a159b93b2bb95047ebf82c49cc83c34916e16f15e8df777",TRUE
"job_results/joint_ess1_reverse_x2__M10__S05_rep0129__four_chain_sentinel__chain04.rds",TRUE,2088435,2088435,"d4612392f69fe799f788a8311fafb76446bf680af52213b4ae5eada18489908f","d4612392f69fe799f788a8311fafb76446bf680af52213b4ae5eada18489908f",TRUE
"job_results/joint_ess1_reverse_x2__M11__S05_rep0074__four_chain_sentinel__chain01.rds",TRUE,3160930,3160930,"efd0a97725383761edc5190981e892e06e41d551ae9b343f439b982f6067c217","efd0a97725383761edc5190981e892e06e41d551ae9b343f439b982f6067c217",TRUE
"job_results/joint_ess1_reverse_x2__M11__S05_rep0074__four_chain_sentinel__chain02.rds",TRUE,3159977,3159977,"18d9f3fa630a43cf7fe1bcd06c5f8a960e9ceca4f857dc431a165232d9b15360","18d9f3fa630a43cf7fe1bcd06c5f8a960e9ceca4f857dc431a165232d9b15360",TRUE
"job_results/joint_ess1_reverse_x2__M11__S05_rep0074__four_chain_sentinel__chain03.rds",TRUE,3160269,3160269,"e41c497d2776e17d91c94818d3bd913f92007e369200cb887f6b9d21aa51522a","e41c497d2776e17d91c94818d3bd913f92007e369200cb887f6b9d21aa51522a",TRUE
"job_results/joint_ess1_reverse_x2__M11__S05_rep0074__four_chain_sentinel__chain04.rds",TRUE,3160281,3160281,"d173c4a9818d7c84bcec9991f6e4f47d67b1dcdfb06e5cb1581e552e88342991","d173c4a9818d7c84bcec9991f6e4f47d67b1dcdfb06e5cb1581e552e88342991",TRUE
"job_results/joint_ess1_reverse_x2__M11__S05_rep0172__one_chain_standard__chain01.rds",TRUE,3194424,3194424,"7b06231bf08e6013ce87cdc548b8ead339dcccb0eb3711c35f65e3277ecec659","7b06231bf08e6013ce87cdc548b8ead339dcccb0eb3711c35f65e3277ecec659",TRUE
"job_results/joint_ess1_reverse_x2__M11__S05_rep0190__one_chain_standard__chain01.rds",TRUE,3196731,3196731,"e258fe12000beade72c802cd688ceb22a3cf7dd2ae317f1e2b381b57ac57130e","e258fe12000beade72c802cd688ceb22a3cf7dd2ae317f1e2b381b57ac57130e",TRUE
"job_results/joint_ess1_x1__M10__S05_rep0104__one_chain_standard__chain01.rds",TRUE,2081529,2081529,"691a19961a322928b4b5407173412bd47078b23c5ee8cc5310a6fda4498dd7a1","691a19961a322928b4b5407173412bd47078b23c5ee8cc5310a6fda4498dd7a1",TRUE
"job_results/joint_ess1_x1__M10__S05_rep0129__four_chain_sentinel__chain01.rds",TRUE,2088271,2088271,"9b034a2982af931605589ffb88648d30b45822f6cdc4998da7eb0d95a308e1cd","9b034a2982af931605589ffb88648d30b45822f6cdc4998da7eb0d95a308e1cd",TRUE
"job_results/joint_ess1_x1__M10__S05_rep0129__four_chain_sentinel__chain02.rds",TRUE,2089063,2089063,"3d3775f81c62f9c47f2ee305f84e044f931639a3ac2c9940d1bfe5a99685b6fc","3d3775f81c62f9c47f2ee305f84e044f931639a3ac2c9940d1bfe5a99685b6fc",TRUE
"job_results/joint_ess1_x1__M10__S05_rep0129__four_chain_sentinel__chain03.rds",TRUE,2088706,2088706,"b55bb89100686695199950bf918ba265f5a62ad40d3c06c7d8fc800b62ca6d89","b55bb89100686695199950bf918ba265f5a62ad40d3c06c7d8fc800b62ca6d89",TRUE
"job_results/joint_ess1_x1__M10__S05_rep0129__four_chain_sentinel__chain04.rds",TRUE,2088792,2088792,"8d1e1a6e3a250550abdf2f07d4631c0b38d0a49729b75145aaa4aedc0775fc5c","8d1e1a6e3a250550abdf2f07d4631c0b38d0a49729b75145aaa4aedc0775fc5c",TRUE
"job_results/joint_ess1_x1__M11__S05_rep0074__four_chain_sentinel__chain01.rds",TRUE,3160306,3160306,"0667776456f2144e8cda609179f1cccbc2aab3e89fde4d5cf1db1e59bc7aea1a","0667776456f2144e8cda609179f1cccbc2aab3e89fde4d5cf1db1e59bc7aea1a",TRUE
"job_results/joint_ess1_x1__M11__S05_rep0074__four_chain_sentinel__chain02.rds",TRUE,3160049,3160049,"ed04c993b62be76a6cada119df79d7f1d2793e8f239d9b82471f8442449abbbb","ed04c993b62be76a6cada119df79d7f1d2793e8f239d9b82471f8442449abbbb",TRUE
"job_results/joint_ess1_x1__M11__S05_rep0074__four_chain_sentinel__chain03.rds",TRUE,3160927,3160927,"712f04786cc130bd67f7fb7b919a73638db66dbb73445c16b4ad91ce00f304e6","712f04786cc130bd67f7fb7b919a73638db66dbb73445c16b4ad91ce00f304e6",TRUE
"job_results/joint_ess1_x1__M11__S05_rep0074__four_chain_sentinel__chain04.rds",TRUE,3160636,3160636,"60f41424d35bbf9a8447662ce0dddd6db76cd338e75897d5e62236b876cd2e77","60f41424d35bbf9a8447662ce0dddd6db76cd338e75897d5e62236b876cd2e77",TRUE
"job_results/joint_ess1_x1__M11__S05_rep0172__one_chain_standard__chain01.rds",TRUE,3194353,3194353,"4f1428bfa3dd99609d1a5f49acc77437627c4588c1da0791af79611d8fbab38c","4f1428bfa3dd99609d1a5f49acc77437627c4588c1da0791af79611d8fbab38c",TRUE
"job_results/joint_ess1_x1__M11__S05_rep0190__one_chain_standard__chain01.rds",TRUE,3196739,3196739,"5db767ed0d1ed519fcb9d6971f3a2bf100f6d6b33947d28f2cd044d1ec182cb7","5db767ed0d1ed519fcb9d6971f3a2bf100f6d6b33947d28f2cd044d1ec182cb7",TRUE
"job_results/joint_ess1_x2__M10__S05_rep0104__one_chain_standard__chain01.rds",TRUE,2082405,2082405,"3c335f062bbfcfa56e6449094f59e2b439aa769b3db17ca0c972cd8f46750c10","3c335f062bbfcfa56e6449094f59e2b439aa769b3db17ca0c972cd8f46750c10",TRUE
"job_results/joint_ess1_x2__M10__S05_rep0129__four_chain_sentinel__chain01.rds",TRUE,2088746,2088746,"2be5eb25a82e11b953c558ae8df3e9ac1189c0709314f3fd6b075ecf3d9bc7e4","2be5eb25a82e11b953c558ae8df3e9ac1189c0709314f3fd6b075ecf3d9bc7e4",TRUE
"job_results/joint_ess1_x2__M10__S05_rep0129__four_chain_sentinel__chain02.rds",TRUE,2089380,2089380,"57ec6db6c3bbe7cbacf595cd805df4c5c867d65d8579d48f1f657bf5ef73d690","57ec6db6c3bbe7cbacf595cd805df4c5c867d65d8579d48f1f657bf5ef73d690",TRUE
"job_results/joint_ess1_x2__M10__S05_rep0129__four_chain_sentinel__chain03.rds",TRUE,2088648,2088648,"e4ba8c9934185aafab6f16e35b0416a745864e424eec6a0b6b66bd24493236e8","e4ba8c9934185aafab6f16e35b0416a745864e424eec6a0b6b66bd24493236e8",TRUE
"job_results/joint_ess1_x2__M10__S05_rep0129__four_chain_sentinel__chain04.rds",TRUE,2088667,2088667,"375af53ee17f4238d0c438b94a41c69f56af0e46c22965dc38ae3918d07a25bd","375af53ee17f4238d0c438b94a41c69f56af0e46c22965dc38ae3918d07a25bd",TRUE
"job_results/joint_ess1_x2__M11__S05_rep0074__four_chain_sentinel__chain01.rds",TRUE,3160330,3160330,"8f16c94e6a7669475132e37b075b70d5966b7e9220f3fc59f9cccaa134f2eb1e","8f16c94e6a7669475132e37b075b70d5966b7e9220f3fc59f9cccaa134f2eb1e",TRUE
"job_results/joint_ess1_x2__M11__S05_rep0074__four_chain_sentinel__chain02.rds",TRUE,3160481,3160481,"2d69bc1be712512d94603d62061dc8c47fc0969fd6837cde2b978a34b67a3eac","2d69bc1be712512d94603d62061dc8c47fc0969fd6837cde2b978a34b67a3eac",TRUE
"job_results/joint_ess1_x2__M11__S05_rep0074__four_chain_sentinel__chain03.rds",TRUE,3160562,3160562,"ea38f3d0ae99f0e71db766d9436df345c217841c97100bfe643a683474c28143","ea38f3d0ae99f0e71db766d9436df345c217841c97100bfe643a683474c28143",TRUE
"job_results/joint_ess1_x2__M11__S05_rep0074__four_chain_sentinel__chain04.rds",TRUE,3160874,3160874,"9b832bcb1eda323717c4056bc742b172f83242ed5123c7511525e4fdb7d4585c","9b832bcb1eda323717c4056bc742b172f83242ed5123c7511525e4fdb7d4585c",TRUE
"job_results/joint_ess1_x2__M11__S05_rep0172__one_chain_standard__chain01.rds",TRUE,3194657,3194657,"e557fa44ca71c970f9c065a5164d944c6cd72d5052ccbb8ccb63b53e9e4a4594","e557fa44ca71c970f9c065a5164d944c6cd72d5052ccbb8ccb63b53e9e4a4594",TRUE
"job_results/joint_ess1_x2__M11__S05_rep0190__one_chain_standard__chain01.rds",TRUE,3196987,3196987,"efad80818f884a17dbbb661a2d9ce7568603be123541169dc2dc69476cfc0cda","efad80818f884a17dbbb661a2d9ce7568603be123541169dc2dc69476cfc0cda",TRUE
"job_results/joint_ess2_x2__M10__S05_rep0104__one_chain_standard__chain01.rds",TRUE,2081579,2081579,"f48c6e9bf3b047643d4a3443f5caa2931662b16eb83546ec15ff6da0cda98693","f48c6e9bf3b047643d4a3443f5caa2931662b16eb83546ec15ff6da0cda98693",TRUE
"job_results/joint_ess2_x2__M10__S05_rep0129__four_chain_sentinel__chain01.rds",TRUE,2089251,2089251,"25a1c0bd33d5bb75661c0cdf117dcba37a76e12d762af0d6287dd51ddc10b7df","25a1c0bd33d5bb75661c0cdf117dcba37a76e12d762af0d6287dd51ddc10b7df",TRUE
"job_results/joint_ess2_x2__M10__S05_rep0129__four_chain_sentinel__chain02.rds",TRUE,2088852,2088852,"8c8bca9d8c427b4ac74b8576e82335c1dbac1c16be1e0d2cea642174e019c922","8c8bca9d8c427b4ac74b8576e82335c1dbac1c16be1e0d2cea642174e019c922",TRUE
"job_results/joint_ess2_x2__M10__S05_rep0129__four_chain_sentinel__chain03.rds",TRUE,2088803,2088803,"0994e7604d7cf6c6b5c9e8d3ea21f9b00f12ae8201b348b3376288bee7944acd","0994e7604d7cf6c6b5c9e8d3ea21f9b00f12ae8201b348b3376288bee7944acd",TRUE
"job_results/joint_ess2_x2__M10__S05_rep0129__four_chain_sentinel__chain04.rds",TRUE,2089145,2089145,"823ccaebd6651958fb180482f87d9735f37feed5a051237c1e1f4ea8b903fcbf","823ccaebd6651958fb180482f87d9735f37feed5a051237c1e1f4ea8b903fcbf",TRUE
"job_results/joint_ess2_x2__M11__S05_rep0074__four_chain_sentinel__chain01.rds",TRUE,3160588,3160588,"70f273fc04f426eb58cb10d6641579e55241a8c9aacd2c497e0c6eb68c8c8290","70f273fc04f426eb58cb10d6641579e55241a8c9aacd2c497e0c6eb68c8c8290",TRUE
"job_results/joint_ess2_x2__M11__S05_rep0074__four_chain_sentinel__chain02.rds",TRUE,3159887,3159887,"77314f15d004a87f401f497d84b138b3f23ac9e23a3a480cfedb3bcf735105c0","77314f15d004a87f401f497d84b138b3f23ac9e23a3a480cfedb3bcf735105c0",TRUE
"job_results/joint_ess2_x2__M11__S05_rep0074__four_chain_sentinel__chain03.rds",TRUE,3160679,3160679,"e0469109d246ecafc33feaf67208ab75e75e0a6cf322a8ed7c5f226855c4c041","e0469109d246ecafc33feaf67208ab75e75e0a6cf322a8ed7c5f226855c4c041",TRUE
"job_results/joint_ess2_x2__M11__S05_rep0074__four_chain_sentinel__chain04.rds",TRUE,3160596,3160596,"32d299a133fa5c117dc516f3fd3f288d5333c15bee8356faea9b4ecf67ba61d9","32d299a133fa5c117dc516f3fd3f288d5333c15bee8356faea9b4ecf67ba61d9",TRUE
"job_results/joint_ess2_x2__M11__S05_rep0172__one_chain_standard__chain01.rds",TRUE,3193798,3193798,"457426e0b0be189c215cbcb557e3b37213ff220fc1de7117415d42c73082f0e7","457426e0b0be189c215cbcb557e3b37213ff220fc1de7117415d42c73082f0e7",TRUE
"job_results/joint_ess2_x2__M11__S05_rep0190__one_chain_standard__chain01.rds",TRUE,3196468,3196468,"b1e20db25de881d647913e3f9ebc705dc6ec53af5fcd4adbc05ff9097bb8976a","b1e20db25de881d647913e3f9ebc705dc6ec53af5fcd4adbc05ff9097bb8976a",TRUE
"job_status.csv",TRUE,8088,8088,"a7517174a93f847899c611521471b1d8251f4a2d8a6f24a50b333deedd56e994","a7517174a93f847899c611521471b1d8251f4a2d8a6f24a50b333deedd56e994",TRUE
"jobs.csv",TRUE,12001,12001,"bbf45cd6fffbea737e8cc87bbe1eca9382e1a8adc4e81d26531470e66d8debac","bbf45cd6fffbea737e8cc87bbe1eca9382e1a8adc4e81d26531470e66d8debac",TRUE
"preflight_artifact_hashes.csv",TRUE,397,397,"49cd7f7b6b90cf3f3b6b24df93eabb9632df683de70cd8ab8acbf1f28700268b","49cd7f7b6b90cf3f3b6b24df93eabb9632df683de70cd8ab8acbf1f28700268b",TRUE
"preflight_manifest.json",TRUE,1493,1493,"70b7924368c99d7d2e04de59ecb64b7d5325ca0f4588a437b6e242d1042704e8","70b7924368c99d7d2e04de59ecb64b7d5325ca0f4588a437b6e242d1042704e8",TRUE
"targeted_cases.csv",TRUE,690,690,"320acf58c435f7e4d6dbbe027ae6a3a706456db2b95755d1f8604c2c43f94bb8","320acf58c435f7e4d6dbbe027ae6a3a706456db2b95755d1f8604c2c43f94bb8",TRUE
"transition_candidates.csv",TRUE,497,497,"fbe44b4a7024c9c720dc11d5fc3d6ec9477cc16b00f57ad65fe8275954f84e96","fbe44b4a7024c9c720dc11d5fc3d6ec9477cc16b00f57ad65fe8275954f84e96",TRUE
