"path","bytes","sha256"
"README.md",733,"985941fd7aba60d5e922b989beee6578a1185fbf0cde8c7597efb9c3954fb283"
"artifact_verification.csv",24143,"f898b3c2dcbc605bdf3e3447de36161d517db515c3156593b1d60f475d5c71da"
"autocorrelation.csv",89405,"25e05a82e2345e6253901a7b38b8ba771ba9a42c6cb23e3f3e1fc92e40fa24a2"
"candidate_decisions.csv",661,"0134a2840639d83278557d143e53ba79a860bd849548159d0b96493073a8e165"
"candidate_summary.csv",1462,"0a30f92c8f8071981942d6cb560ee7c0ba04cbc05aae6af3453c724991acc286"
"chain_location.csv",30296,"d8e9497c1feb79af1439ef38f5a71cdb066f1c6b8c2704ca60403600dbe9b05d"
"closeout.json",784,"f8b82ef8e0ba51fe4fe9a7ccb34bf62c04013e918c5d88518a3401f4b7e19f4f"
"coupling_correlations.csv",16001,"f588d5731b5a685e8e116ac0fc3954f3fb7231f5a572dd30c492e6002de09dfa"
"diagnostic_efficiency.csv",388312,"f560107271f41cedaa314f1b4680bae56bdf5bfb128f62e5d8a5a2784cbe80fc"
"failed_diagnostics.csv",5468,"a1cec282124ccbda827f58ce2e19f06e9da201aea33b270faae6e9622f605a78"
"input_artifact_hashes.csv",696,"55fc539b72bd966b2d1c1e34c4842f025d2b2cbb148eadccbc5800df94f0ede7"
